feature	importance
total_lbs_proppant	0.2697920585092368
shortest_dist	0.13859122908175414
tvd	0.13187137080487626
bakken_isopach_ft	0.09289912791112569
stage_spacing	0.062116363547237874
fluid_per_ft	0.05531416866745189
total_volume_bbls	0.05076267112974198
std_tvd	0.04535581197796709
choke_size	0.0432054290067393
prop_per_ft	0.037344353351808975
total_num_stages	0.03686340116181451
length	0.03588401485024539
