feature	importance
total_lbs_proppant	0.2433820824677052
tvd	0.130013154161895
min_dist	0.12720234908372463
bakken_isopach_ft	0.08547407413341336
choke_size	0.06207707236190166
total_num_stages	0.05693271273857122
total_volume_bbls	0.05677316574822195
length	0.05229409427412841
std_tvd	0.05050415538189574
stage_spacing	0.041398718314688464
fluid_per_ft	0.03957072972452538
prop_per_ft	0.03641101551733076
stimulated_formation	0.017966676091998257
