feature	importance
total_lbs_proppant	0.2714500036253736
shortest_dist	0.1380805833907176
tvd	0.13406941217176788
bakken_isopach_ft	0.09559119088488052
stage_spacing	0.07018377853302499
fluid_per_ft	0.04954809850361706
total_volume_bbls	0.048482362461220646
choke_size	0.04155142691052995
std_tvd	0.0368655585649223
total_num_stages	0.03611992066755783
length	0.03078347840240881
prop_per_ft	0.027858390049834876
formation_three_forks	0.01407939243869445
formation_bakken	0.005336403395449412
