feature	importance
total_lbs_proppant	0.262787185580044
shortest_dist	0.1417542788185445
tvd	0.09835389133591253
bakken_isopach_ft	0.08410552928046627
mean_tvd	0.08319237009656116
total_volume_bbls	0.08130111530762549
length	0.06882037775928146
total_num_stages	0.05913165647886012
std_tvd	0.05368398103509011
stage_spacing	0.05038769750454505
target_formation	0.016481916803069357
